<?xml version="1.0" encoding="UTF-8"?>
<!DOCTYPE fontscolors PUBLIC "-//NetBeans//DTD Editor Fonts and Colors settings 1.1//EN" "http://www.netbeans.org/dtds/EditorFontsColors-1_1.dtd">
<fontscolors>
    <fontcolor bgColor="darkGray" foreColor="ffcccccc" name="default"/>
    <fontcolor foreColor="yellow" name="char"/>
    <fontcolor foreColor="yellow" name="string"/>
    <fontcolor foreColor="cyan" name="keyword"/>
    <fontcolor foreColor="black" name="whitespace"/>
    <fontcolor foreColor="ffff6666" name="number"/>
    <fontcolor foreColor="green" name="comment"/>
    <fontcolor bgColor="yellow" foreColor="black" name="warning" waveUnderlined="yellow"/>
    <fontcolor foreColor="ffcc00cc" name="separator"/>
    <fontcolor foreColor="ffff00cc" name="operator"/>
    <fontcolor name="url" underline="white"/>
</fontscolors>
