<?xml version="1.0" encoding="UTF-8"?>
<!DOCTYPE fontscolors PUBLIC "-//NetBeans//DTD Editor Fonts and Colors settings 1.1//EN" "http://www.netbeans.org/dtds/EditorFontsColors-1_1.dtd">
<fontscolors>
    <fontcolor foreColor="cyan" name="mod-private">
        <font style="bold"/>
    </fontcolor>
    <fontcolor default="comment" foreColor="pink" name="comments"/>
    <fontcolor foreColor="red" name="mod-custom2">
        <font style="italic"/>
    </fontcolor>
    <fontcolor default="operator" foreColor="orange" name="operators"/>
    <fontcolor foreColor="ff009999" name="mod-custom1"/>
    <fontcolor default="number" foreColor="magenta" name="hashes"/>
    <fontcolor foreColor="ffff0099" name="mod-class">
        <font style="italic"/>
    </fontcolor>
    <fontcolor foreColor="green" name="mod-method"/>
    <fontcolor foreColor="orange" name="mod-local-variable"/>
</fontscolors>
