<?xml version="1.0" encoding="UTF-8"?>
<!DOCTYPE fontscolors PUBLIC "-//NetBeans//DTD Editor Fonts and Colors settings 1.1//EN" "http://www.netbeans.org/dtds/EditorFontsColors-1_1.dtd">
<fontscolors>
    <fontcolor bgColor="ff660066" default="constant" name="constant">
        <font style="italic"/>
    </fontcolor>
    <fontcolor default="separator" foreColor="red" name="phpopenclose">
        <font style="bold"/>
    </fontcolor>
    <fontcolor name="mod-deprecated" strikeThrough="black"/>
    <fontcolor default="comment" foreColor="ff00cc00" name="phpdockeyword">
        <font style="bold"/>
    </fontcolor>
    <fontcolor default="separator" foreColor="orange" name="separator"/>
    <fontcolor default="operator" foreColor="orange" name="operator"/>
</fontscolors>
