<?xml version="1.0" encoding="UTF-8"?>
<!DOCTYPE codetemplates PUBLIC "-//NetBeans//DTD Editor Code Templates settings 1.0//EN" "http://www.netbeans.org/dtds/EditorCodeTemplates-1_0.dtd">
<codetemplates>
    <codetemplate abbreviation="css" xml:space="preserve">
        <code><![CDATA[style(type='text/css').
    ${cursor}]]></code>
    </codetemplate>
    <codetemplate abbreviation="scr" xml:space="preserve">
        <code><![CDATA[script(type="text/css",src="${cursor}")]]></code>
    </codetemplate>
    <codetemplate abbreviation="lnk" xml:space="preserve">
        <code><![CDATA[link(rel="stylesheet", type="text/css", href="${cursor}")]]></code>
    </codetemplate>
    <codetemplate abbreviation="js" xml:space="preserve">
        <code><![CDATA[script.
    ${cursor}]]></code>
    </codetemplate>
</codetemplates>
