<?xml version="1.0" encoding="UTF-8"?>
<!DOCTYPE fontscolors PUBLIC "-//NetBeans//DTD Editor Fonts and Colors settings 1.1//EN" "http://www.netbeans.org/dtds/EditorFontsColors-1_1.dtd">
<fontscolors>
    <fontcolor default="number" foreColor="red" name="hashes"/>
    <fontcolor foreColor="green" name="mod-method"/>
    <fontcolor default="string" name="uris"/>
    <fontcolor default="default" name="others"/>
    <fontcolor default="separator" name="braces"/>
    <fontcolor default="identifier" foreColor="cyan" name="identifiers"/>
    <fontcolor default="separator" foreColor="magenta" name="separators"/>
    <fontcolor default="string" foreColor="fffef068" name="strings"/>
    <fontcolor default="default" name="whitespaces"/>
    <fontcolor name="mod-class">
        <font style="italic"/>
    </fontcolor>
    <fontcolor foreColor="green" name="at_rule_symbol">
        <font style="bold"/>
    </fontcolor>
    <fontcolor default="number" foreColor="ffff6600" name="numbers"/>
    <fontcolor default="operator" foreColor="magenta" name="operators"/>
    <fontcolor default="identifier" foreColor="red" name="identifier"/>
    <fontcolor default="comment" name="comments"/>
</fontscolors>
