<?xml version="1.0" encoding="UTF-8"?>
<!DOCTYPE fontscolors PUBLIC "-//NetBeans//DTD Editor Fonts and Colors settings 1.1//EN" "http://www.netbeans.org/dtds/EditorFontsColors-1_1.dtd">
<fontscolors>
    <fontcolor name="mod-unused" waveUnderlined="cyan"/>
    <fontcolor default="comment" foreColor="ff66cc00" name="commentline"/>
    <fontcolor bgColor="red" default="constant" name="constant">
        <font style="italic"/>
    </fontcolor>
    <fontcolor bgColor="fffeb35f" foreColor="black" name="mark-occurrences"/>
    <fontcolor foreColor="magenta" name="mod-static">
        <font style="italic"/>
    </fontcolor>
    <fontcolor foreColor="white" name="variable"/>
    <fontcolor default="separator" foreColor="red" name="separator"/>
    <fontcolor default="separator" foreColor="red" name="phpopenclose">
        <font style="bold"/>
    </fontcolor>
</fontscolors>
