<?xml version="1.0" encoding="UTF-8"?>
<!DOCTYPE codetemplates PUBLIC "-//NetBeans//DTD Editor Code Templates settings 1.0//EN" "http://www.netbeans.org/dtds/EditorCodeTemplates-1_0.dtd">
<codetemplates>
    <codetemplate abbreviation="ff" xml:space="preserve">
        <code><![CDATA[_:-moz-tree-row(hover), /*selector*/ { /* firefox all version */
    /* put code here */
}]]></code>
    </codetemplate>
    <codetemplate abbreviation="mediab" xml:space="preserve">
        <code><![CDATA[
/* No greater than ${900}px, no less than ${400}px */
@media (max-width:${900}px) and (min-width:${400}px) {
    ${cursor}
}]]></code>
    </codetemplate>
    <codetemplate abbreviation="pr" xml:space="preserve">
        <code><![CDATA[    padding-right: ${cursor};]]></code>
    </codetemplate>
    <codetemplate abbreviation="pt" xml:space="preserve">
        <code><![CDATA[    padding-top: ${cursor};]]></code>
    </codetemplate>
    <codetemplate abbreviation="bg" xml:space="preserve">
        <code><![CDATA[    background: ${cursor} ;]]></code>
    </codetemplate>
    <codetemplate abbreviation="ie10" xml:space="preserve">
        <code><![CDATA[/* ie 10 only */
@media all and (-ms-high-contrast:none)
 {
     /* put code here */
 }]]></code>
    </codetemplate>
    <codetemplate abbreviation="bo" xml:space="preserve">
        <code><![CDATA[    border: ${1}px solid ${cursor};]]></code>
    </codetemplate>
    <codetemplate abbreviation="ie11" xml:space="preserve">
        <code><![CDATA[/* ie 10 only */
@media all and (-ms-high-contrast:none)
 {
     *::-ms-backdrop, /*selector*/ { 
         /* put code here */
     } /* IE11 */
     
 }
 ]]></code>
    </codetemplate>
    <codetemplate abbreviation="imp" xml:space="preserve">
        <code><![CDATA[ !important]]></code>
    </codetemplate>
    <codetemplate abbreviation="br" xml:space="preserve">
        <code><![CDATA[    border-radius: ${cursor};]]></code>
    </codetemplate>
    <codetemplate abbreviation="ff21" xml:space="preserve">
        <code><![CDATA[_::-moz-range-track, body:last-child /*selector*/ { /* firefox v21 and higher version */
    /* put code here */
}]]></code>
    </codetemplate>
    <codetemplate abbreviation="wk" xml:space="preserve">
        <code><![CDATA[

/*selector*/:not(*:root) { /*webkit only chrome|safari}
    /* put code here */
}]]></code>
    </codetemplate>
    <codetemplate abbreviation="mb" xml:space="preserve">
        <code><![CDATA[    margin-bottom: ${cursor};]]></code>
    </codetemplate>
    <codetemplate abbreviation="bx" xml:space="preserve">
        <code><![CDATA[-moz-box-sizing: border-box;
-webkit-box-sizing: border-box;
box-sizing:border-box;]]></code>
    </codetemplate>
    <codetemplate abbreviation="rgbab" xml:space="preserve">
        <code><![CDATA[rgba(0,0,0,0.5);]]></code>
    </codetemplate>
    <codetemplate abbreviation="ie7" xml:space="preserve">
        <code><![CDATA[*+html /*selector*/ { /* ie7 only */
    /* put code here */
}

/* or */

*:first-child+html  /*selector*/ { /* ie7 only */
    /* put code here */
}
]]></code>
    </codetemplate>
    <codetemplate abbreviation="ie6" xml:space="preserve">
        <code><![CDATA[html > body /*selector*/ { /* ie6 only */
    /* put code here */
}]]></code>
    </codetemplate>
    <codetemplate abbreviation="ie9" xml:space="preserve">
        <code><![CDATA[/* IE9 uses \9 */
@media all and (monochrome:0) { 
    /* put code here */
          /*selector*/ { /*protperty*/: /*value*/\9; } 
} ]]></code>
    </codetemplate>
    <codetemplate abbreviation="ie8" xml:space="preserve">
        <code><![CDATA[/* IE8 uses \0 */
@media all\0 { 
        /* put code and selector here */
}]]></code>
    </codetemplate>
    <codetemplate abbreviation="ml" xml:space="preserve">
        <code><![CDATA[    margin-left: ${cursor};]]></code>
    </codetemplate>
    <codetemplate abbreviation="mr" xml:space="preserve">
        <code><![CDATA[    margin-right: ${cursor};]]></code>
    </codetemplate>
    <codetemplate abbreviation="mt" xml:space="preserve">
        <code><![CDATA[    margin-top: ${cursor};]]></code>
    </codetemplate>
    <codetemplate abbreviation="m" xml:space="preserve">
        <code><![CDATA[    margin: ${cursor};]]></code>
    </codetemplate>
    <codetemplate abbreviation="p" xml:space="preserve">
        <code><![CDATA[    padding: ${cursor};]]></code>
    </codetemplate>
    <codetemplate abbreviation="pb" xml:space="preserve">
        <code><![CDATA[    padding-bottom: ${cursor};]]></code>
    </codetemplate>
    <codetemplate abbreviation="rgbaw" xml:space="preserve">
        <code><![CDATA[rgba(255,255,255,0.5);]]></code>
    </codetemplate>
    <codetemplate abbreviation="medial" xml:space="preserve">
        <code><![CDATA[
/*-${768}px width*/
@media ( max-width : ${768}px ) {
    ${cursor}
}]]></code>
    </codetemplate>
    <codetemplate abbreviation="anim" xml:space="preserve">
        <code><![CDATA[    -o-transition:.6s;
    -ms-transition:.6s;
    -moz-transition:.6s;
    -webkit-transition:.6s;
    transition:.6s;]]></code>
    </codetemplate>
    <codetemplate abbreviation="pl" xml:space="preserve">
        <code><![CDATA[    padding-left: ${cursor};]]></code>
    </codetemplate>
    <codetemplate abbreviation="mediag" xml:space="preserve">
        <code><![CDATA[
/*+${768}px width*/
@media ( min-width : ${768}px ) {
    ${cursor}
}]]></code>
    </codetemplate>
</codetemplates>
