<?xml version="1.0" encoding="UTF-8"?>
<!DOCTYPE codetemplates PUBLIC "-//NetBeans//DTD Editor Code Templates settings 1.0//EN" "http://www.netbeans.org/dtds/EditorCodeTemplates-1_0.dtd">
<codetemplates>
    <codetemplate abbreviation="=ar" xml:space="preserve">
        <code><![CDATA[ = array(
 '${key1}' => '${value1}',
 );
 ]]></code>
    </codetemplate>
    <codetemplate abbreviation="prr" xml:space="preserve">
        <code><![CDATA[print_r(${cursor});]]></code>
    </codetemplate>
    <codetemplate abbreviation="ve" xml:space="preserve">
        <code><![CDATA[var_export(${cursor});]]></code>
    </codetemplate>
    <codetemplate abbreviation="vd" xml:space="preserve">
        <code><![CDATA[var_dump(${cursor});]]></code>
    </codetemplate>
</codetemplates>
