<?xml version="1.0" encoding="UTF-8"?>
<!DOCTYPE fontscolors PUBLIC "-//NetBeans//DTD Editor Fonts and Colors settings 1.1//EN" "http://www.netbeans.org/dtds/EditorFontsColors-1_1.dtd">
<fontscolors>
    <fontcolor default="number" foreColor="red" name="hashes"/>
    <fontcolor bgColor="yellow" foreColor="black" name="mark-occurrences"/>
    <fontcolor foreColor="orange" name="mod-method"/>
    <fontcolor default="number" foreColor="ffff6600" name="numbers"/>
    <fontcolor default="identifier" foreColor="cyan" name="identifiers"/>
    <fontcolor foreColor="white" name="mod-custom1"/>
    <fontcolor default="operator" foreColor="magenta" name="operators"/>
    <fontcolor default="separator" foreColor="magenta" name="separators"/>
    <fontcolor foreColor="black" name="mod-custom2">
        <font style="italic"/>
    </fontcolor>
</fontscolors>
