<?xml version="1.0" encoding="UTF-8"?>
<!DOCTYPE codetemplates PUBLIC "-//NetBeans//DTD Editor Code Templates settings 1.0//EN" "http://www.netbeans.org/dtds/EditorCodeTemplates-1_0.dtd">
<codetemplates>
    <codetemplate abbreviation="css" xml:space="preserve">
        <code><![CDATA[<style type="text/css" >
    ${cursor}
</style>]]></code>
    </codetemplate>
    <codetemplate abbreviation="img" xml:space="preserve">
        <code><![CDATA[<img src="${cursor}" alt="[]" />]]></code>
    </codetemplate>
    <codetemplate abbreviation="rw" xml:space="preserve">
        <code><![CDATA[<div class="row">
    ${cursor}
</div>]]></code>
    </codetemplate>
    <codetemplate abbreviation="topjs" xml:space="preserve">
        <code><![CDATA[<!--[if lte IE 9]>
            <script src="assets/js/iefix.js" type="text/javascript"></script>
        <![endif]-->]]></code>
    </codetemplate>
    <codetemplate abbreviation="h1" xml:space="preserve">
        <code><![CDATA[<h1>
    ${cursor}
</h1>]]></code>
    </codetemplate>
    <codetemplate abbreviation="js" xml:space="preserve">
        <code><![CDATA[<script type="text/javascript">
    ${cursor}
</script>]]></code>
    </codetemplate>
    <codetemplate abbreviation="del" xml:space="preserve">
        <code><![CDATA[<del>${cursor}</del>]]></code>
    </codetemplate>
    <codetemplate abbreviation="hr" xml:space="preserve">
        <code><![CDATA[<hr />]]></code>
    </codetemplate>
    <codetemplate abbreviation="h2" xml:space="preserve">
        <code><![CDATA[<h2>
    ${cursor}
</h2>]]></code>
    </codetemplate>
    <codetemplate abbreviation="oie" xml:space="preserve">
        <code><![CDATA[<!--[if IE]>
	${cursor}
<![endif]-->]]></code>
    </codetemplate>
    <codetemplate abbreviation="iegte" xml:space="preserve">
        <code><![CDATA[<!--[if gte IE ${version}]>
	${curser}
<![endif]-->]]></code>
    </codetemplate>
    <codetemplate abbreviation="h3" xml:space="preserve">
        <code><![CDATA[<h3>
    ${cursor}
</h3>]]></code>
    </codetemplate>
    <codetemplate abbreviation="h4" xml:space="preserve">
        <code><![CDATA[<h4>
    ${cursor}
</h4>]]></code>
    </codetemplate>
    <codetemplate abbreviation="h5" xml:space="preserve">
        <code><![CDATA[<h5>
    ${cursor}
</h5>]]></code>
    </codetemplate>
    <codetemplate abbreviation="h6" xml:space="preserve">
        <code><![CDATA[<h6>
    ${cursor}
</h6>]]></code>
    </codetemplate>
    <codetemplate abbreviation="br" xml:space="preserve">
        <code><![CDATA[
<br />
${cursor}]]></code>
    </codetemplate>
    <codetemplate abbreviation="sc" xml:space="preserve">
        <code><![CDATA[<script type="text/javascript" >
    ${cursor}
</script>]]></code>
    </codetemplate>
    <codetemplate abbreviation="sec" xml:space="preserve">
        <code><![CDATA[<section id="${id}">
    ${cursor}
</section>]]></code>
    </codetemplate>
    <codetemplate abbreviation="ielt" xml:space="preserve">
        <code><![CDATA[<!--[if lt IE ${version}]>
	${curser}
<![endif]-->]]></code>
    </codetemplate>
    <codetemplate abbreviation="grd" xml:space="preserve">
        <code><![CDATA[<div class="grd${1}">
    ${content}
</div>]]></code>
    </codetemplate>
    <codetemplate abbreviation="iev" xml:space="preserve">
        <code><![CDATA[<!--[if IE ${vertion}]>
	${cursor}
<![endif]-->]]></code>
    </codetemplate>
    <codetemplate abbreviation="sel" xml:space="preserve">
        <code><![CDATA[<select name="${name}">
    <option value="${value}"> ${text} </option>
    <option value="${value1}"> ${text1} </option>
    <option value="${value2}"> ${text2} </option>
    <option value="${value3}"> ${text3} </option>
    ${cursor}
</select>]]></code>
    </codetemplate>
    <codetemplate abbreviation="btn" xml:space="preserve">
        <code><![CDATA[<button>${caption}</button>]]></code>
    </codetemplate>
    <codetemplate abbreviation="frm" xml:space="preserve">
        <code><![CDATA[<form action="${action}" method="${POST}">
    <input type="${text}"  />
    ${cursor}
</form>]]></code>
    </codetemplate>
    <codetemplate abbreviation="a" xml:space="preserve">
        <code><![CDATA[<a href="${#}">  ${cursor}  </a>]]></code>
    </codetemplate>
    <codetemplate abbreviation="op" xml:space="preserve">
        <code><![CDATA[<option value="${value}"> ${cursor} </option>]]></code>
    </codetemplate>
    <codetemplate abbreviation="nav" xml:space="preserve">
        <code><![CDATA[<nav>
    ${cursor}
</nav>]]></code>
    </codetemplate>
    <codetemplate abbreviation="b" xml:space="preserve">
        <code><![CDATA[<b>${cursor}</b>]]></code>
    </codetemplate>
    <codetemplate abbreviation="scr" xml:space="preserve">
        <code><![CDATA[<script type="text/javascript" src="${link}">${cursor}</script>]]></code>
    </codetemplate>
    <codetemplate abbreviation="in" xml:space="preserve">
        <code><![CDATA[<input type="${cursor}" />]]></code>
    </codetemplate>
    <codetemplate abbreviation="ola" xml:space="preserve">
        <code><![CDATA[<ol>
    <li>
        <a href="#">
            ${text1}
        </a>
    </li>
    <li>
        <a href="#">
            ${text2}
        </a>
    </li>
    <li>
        <a href="#">
            ${text3}
        </a>
    </li>
    ${cursor}
</ol>
]]></code>
    </codetemplate>
    <codetemplate abbreviation="lnk" xml:space="preserve">
        <code><![CDATA[<link type="text/css" rel="stylesheet" href="${cursor}" />]]></code>
    </codetemplate>
    <codetemplate abbreviation="less" xml:space="preserve">
        <code><![CDATA[<link type="text/css" rel="stylesheet/less" href="${cursor}" />]]></code>
    </codetemplate>
    <codetemplate abbreviation="ula" xml:space="preserve">
        <code><![CDATA[<ul>
    <li>
        <a href="#">
            ${text1}
        </a>
    </li>
    <li>
        <a href="#">
            ${text2}
        </a>
    </li>
    <li>
        <a href="#">
            ${text3}
        </a>
    </li>
    ${cursor}
</ul>
]]></code>
    </codetemplate>
    <codetemplate abbreviation="s" xml:space="preserve">
        <code><![CDATA[<span>${cursor}</span>]]></code>
    </codetemplate>
    <codetemplate abbreviation="u" xml:space="preserve">
        <code><![CDATA[<u>${cursor}</u>]]></code>
    </codetemplate>
    <codetemplate abbreviation="ielte" xml:space="preserve">
        <code><![CDATA[<!--[if lte IE ${version}]>
	${curser}
<![endif]-->]]></code>
    </codetemplate>
    <codetemplate abbreviation="meta" xml:space="preserve">
        <code><![CDATA[<meta name="${name}" content="${cursor}" />]]></code>
    </codetemplate>
    <codetemplate abbreviation="lbl" xml:space="preserve">
        <code><![CDATA[<label> 
    ${cursor}
</label>]]></code>
    </codetemplate>
    <codetemplate abbreviation="iegt" xml:space="preserve">
        <code><![CDATA[<!--[if gt IE ${version}]>
	${curser}
<![endif]-->]]></code>
    </codetemplate>
    <codetemplate abbreviation="php" xml:space="preserve">
        <code><![CDATA[<?php ${cursor} ?>]]></code>
    </codetemplate>
    <codetemplate abbreviation="metaz" xml:space="preserve">
        <code><![CDATA[<meta name="robots" content="${index},${follow}" />
<meta name="keywords" content="${keyword}">
<meta name="description" content="${desc}">
<link rel="shortcut icon" href="${/favicon.ico}">
<link rel="alternate" type="application/rss+xml" title="RSS 2.0" href="${/rss}" />
]]></code>
    </codetemplate>
    <codetemplate abbreviation="=" xml:space="preserve">
        <code><![CDATA[<?= ${cursor} ?>]]></code>
    </codetemplate>
    <codetemplate abbreviation="li" xml:space="preserve">
        <code><![CDATA[<li>
    <a href="#">
        ${cursor}
    </a>
</li>]]></code>
    </codetemplate>
    <codetemplate abbreviation="dc" xml:space="preserve">
        <code><![CDATA[<div class="${class}">
    ${cursor}
</div>]]></code>
    </codetemplate>
</codetemplates>
