<?xml version="1.0" encoding="UTF-8"?>
<!DOCTYPE codetemplates PUBLIC "-//NetBeans//DTD Editor Code Templates settings 1.0//EN" "http://www.netbeans.org/dtds/EditorCodeTemplates-1_0.dtd">
<codetemplates>
    <codetemplate abbreviation="$" xml:space="preserve">
        <code><![CDATA[$("${cursor}")]]></code>
    </codetemplate>
    <codetemplate abbreviation="php" xml:space="preserve">
        <code><![CDATA[<?php ${cursor} ?>]]></code>
    </codetemplate>
    <codetemplate abbreviation="fnc" xml:space="preserve">
        <code><![CDATA[function(){
    ${cursor}
}]]></code>
    </codetemplate>
    <codetemplate abbreviation="dow" xml:space="preserve">
        <code><![CDATA[do{
    ${selection}${cursor}
}while(${cond})]]></code>
    </codetemplate>
</codetemplates>
