<?xml version="1.0" encoding="UTF-8"?>
<!DOCTYPE codetemplates PUBLIC "-//NetBeans//DTD Editor Code Templates settings 1.0//EN" "http://www.netbeans.org/dtds/EditorCodeTemplates-1_0.dtd">
<codetemplates>
    <codetemplate abbreviation="ie8" xml:space="preserve">
        <code><![CDATA[/* IE8 uses \0 */
@media all\0 { 
        /* put code and selector here */
}]]></code>
    </codetemplate>
    <codetemplate abbreviation="ie11" xml:space="preserve">
        <code><![CDATA[/* ie 10 only */
@media all and (-ms-high-contrast:none)
 {
     *::-ms-backdrop, /*selector*/ { 
         /* put code here */
     } /* IE11 */
     
 }
 ]]></code>
    </codetemplate>
    <codetemplate abbreviation="rgbaw" xml:space="preserve">
        <code><![CDATA[rgba(255,255,255,0.5);]]></code>
    </codetemplate>
    <codetemplate abbreviation="ie9" xml:space="preserve">
        <code><![CDATA[/* IE9 uses \9 */
@media all and (monochrome:0) { 
    /* put code here */
          /*selector*/ { /*protperty*/: /*value*/\9; } 
} ]]></code>
    </codetemplate>
    <codetemplate abbreviation="anim" xml:space="preserve">
        <code><![CDATA[    -o-transition:.6s;
    -ms-transition:.6s;
    -moz-transition:.6s;
    -webkit-transition:.6s;
    transition:.6s;]]></code>
    </codetemplate>
    <codetemplate abbreviation="ff21" xml:space="preserve">
        <code><![CDATA[_::-moz-range-track, body:last-child /*selector*/ { /* firefox v21 and higher version */
    /* put code here */
}]]></code>
    </codetemplate>
    <codetemplate abbreviation="wk" xml:space="preserve">
        <code><![CDATA[

/*selector*/:not(*:root) { /*webkit only chrome|safari}
    /* put code here */
}]]></code>
    </codetemplate>
    <codetemplate abbreviation="ff" xml:space="preserve">
        <code><![CDATA[_:-moz-tree-row(hover), /*selector*/ { /* firefox all version */
    /* put code here */
}]]></code>
    </codetemplate>
    <codetemplate abbreviation="ie6" xml:space="preserve">
        <code><![CDATA[html > body /*selector*/ { /* ie6 only */
    /* put code here */
}]]></code>
    </codetemplate>
    <codetemplate abbreviation="ie7" xml:space="preserve">
        <code><![CDATA[*+html /*selector*/ { /* ie7 only */
    /* put code here */
}

/* or */

*:first-child+html  /*selector*/ { /* ie7 only */
    /* put code here */
}
]]></code>
    </codetemplate>
    <codetemplate abbreviation="ie10" xml:space="preserve">
        <code><![CDATA[/* ie 10 only */
@media all and (-ms-high-contrast:none)
 {
     /* put code here */
 }]]></code>
    </codetemplate>
    <codetemplate abbreviation="rgbab" xml:space="preserve">
        <code><![CDATA[rgba(0,0,0,0.5);]]></code>
    </codetemplate>
    <codetemplate abbreviation="bx" xml:space="preserve">
        <code><![CDATA[-moz-box-sizing: border-box;
-webkit-box-sizing: border-box;
box-sizing:border-box;]]></code>
    </codetemplate>
</codetemplates>
